Name,Roll,06-04-2022
David,1,A
John,2,A
Paul,3,A
Mark,4,A
James,5,A
Andrew,6,A
Scott,7,A
Steven,8,A
Robert,9,A
Stephen,10,A
William,11,A
Craig,12,A
Michael,13,A
Stuart,14,A
Christopher,15,A
Alan,16,A
Colin,17,A
Brian,18,A
Kevin,19,A
Gary,20,A
Richard,21,A
Derek,22,A
Martin,23,A
Thomas,24,A
Neil,25,A
Barry,26,A
Ian,27,A
Jason,28,A
Iain,29,A
Gordon,30,A
Alexander,31,A
Graeme,32,A
Peter,33,A
Darren,34,A
Graham,35,A
George,36,A
Kenneth,37,A
Allan,38,A
Simon,39,A
Douglas,40,A
Keith,41,A
Lee,42,A
Anthony,43,A
Grant,44,A
Ross,45,A
Jonathan,46,A
Gavin,47,A
Nicholas,48,A
Joseph,49,A
Stewart,50,A
Daniel,51,A
Edward,52,A
Matthew,53,A
Donald,54,A
Fraser,55,A
Garry,56,A
Malcolm,57,A
Charles,58,A
Duncan,59,A
Alistair,60,A
Raymond,61,A
Philip,62,A
Ronald,63,A
Ewan,64,A
Ryan,65,A
Francis,66,A
Bruce,67,A
Patrick,68,A
Alastair,69,A
Bryan,70,A
Marc,71,A
Jamie,72,A
Hugh,73,A
Euan,74,A
Gerard,75,A
Sean,76,A
Wayne,77,A
Adam,78,A
Calum,79,A
Alasdair,80,A
Robin,81,A
Greig,82,A
Angus,83,A
Russell,84,A
Cameron,85,A
Roderick,86,A
Norman,87,A
Murray,88,A
Gareth,89,A
Dean,90,A
Eric,91,A
Adrian,92,A
Gregor,93,A
Samuel,94,A
Gerald,95,A
Henry,96,A
Justin,97,A
Benjamin,98,A
Shaun,99,A
Callum,100,A
Campbell,101,A
Frank,102,A
Roy,103,A
Timothy,104,A
Glen,105,A
Marcus,106,A
Hamish,107,A
Niall,108,A
Barrie,109,A
Liam,110,A
Brendan,111,A
Terence,112,A
Greg,113,A
Leslie,114,A
Lindsay,115,A
Trevor,116,A
Vincent,117,A
Christian,118,A
Lewis,119,A
Rory,120,A
Antony,121,A
Fergus,122,A
Roger,123,A
Arthur,124,A
Dominic,125,A
Ewen,126,A
Jon,127,A
Owen,128,A
Gregory,129,A
Jeffrey,130,A
Terry,131,A
Damian,132,A
Geoffrey,133,A
Harry,134,A
Walter,135,A
Bernard,136,A
Desmond,137,A
Jack,138,A
Aaron,139,A
Archibald,140,A
Blair,141,A
Jeremy,142,A
Nathan,143,A
Alister,144,A
Dale,145,A
Dylan,146,A
Glenn,147,A
Julian,148,A
Leon,149,A
Allen,150,A
Martyn,151,A
Nigel,152,A
Alisdair,153,A
Denis,154,A
Drew,155,A
Evan,156,A
Phillip,157,A
Frazer,158,A
Guy,159,A
Laurence,160,A
Lawrence,161,A
Magnus,162,A
Crawford,163,A
Finlay,164,A
Frederick,165,A
Gregg,166,A
Karl,167,A
Kerr,168,A
Mohammed,169,A
Rodney,170,A
Victor,171,A
Carl,172,A
Daryl,173,A
Don,174,A
Edwin,175,A
Erik,176,A
Grahame,177,A
Ivan,178,A
Kyle,179,A
Leigh,180,A
Lorne,181,A
Maurice,182,A
Murdo,183,A
Nicolas,184,A
Steve,185,A
Allister,186,A
Clark,187,A
Darran,188,A
Dennis,189,A
Elliot,190,A
Leonard,191,A
Nairn,192,A
Scot,193,A
Stefan,194,A
Toby,195,A
Warren,196,A
Billy,197,A
Clive,198,A
Damien,199,A
Louis,200,A
Mohammad,201,A
Neill,202,A
Noel,203,A
Ralph,204,A
Sandy,205,A
Albert,206,A
Alun,207,A
Brett,208,A
Clifford,209,A
Eoin,210,A
Glyn,211,A
Imran,212,A
Ivor,213,A
Johnathan,214,A
Kevan,215,A
Neal,216,A
Oliver,217,A
Robbie,218,A
Roland,219,A
Stanley,220,A
Aidan,221,A
Antonio,222,A
Austin,223,A
Bradley,224,A
Cornelius,225,A
Darrin,226,A
Derrick,227,A
Innes,228,A
Kristian,229,A
Lachlan,230,A
Mathew,231,A
Moray,232,A
Nicol,233,A
Shane,234,A
Tony,235,A
Brent,236,A
Findlay,237,A
Forbes,238,A
Gilbert,239,A
Giles,240,A
Jay,241,A
Kelvin,242,A
Leighton,243,A
Marco,244,A
Omar,245,A
Roddy,246,A
Tom,247,A
Abdul,248,A
Alfred,249,A
Alick,250,A
Ashley,251,A
Bryce,252,A
Conrad,253,A
Darryl,254,A
Eugene,255,A
Harold,256,A
Harvey,257,A
Hector,258,A
Jody,259,A
Kieran,260,A
Kirk,261,A
Kris,262,A
Marshall,263,A
Muhammad,264,A
Ramsay,265,A
Ray,266,A
Rodger,267,A
Seumas,268,A
Tommy,269,A
Wai,270,A
Alex,271,A
Ali,272,A
Andrea,273,A
Archie,274,A
Daren,275,A
Derick,276,A
Gideon,277,A
Jan,278,A
Juan,279,A
Kerry,280,A
Kieron,281,A
Luke,282,A
Lyall,283,A
Manus,284,A
Marvin,285,A
Morgan,286,A
Muir,287,A
Myles,288,A
Ronnie,289,A
Rowan,290,A
Rupert,291,A
Spencer,292,A
Stephan,293,A
Struan,294,A
Torquil,295,A
Wallace,296,A
Aftab,297,A
Alain,298,A
Alec,299,A
Alvin,300,A
Anton,301,A
Arran,302,A
Arron,303,A
Austen,304,A
Aynsley,305,A
Benedict,306,A
Chad,307,A
Chun,308,A
Clarke,309,A
Damon,310,A
Danny,311,A
Darron,312,A
Declan,313,A
Deryck,314,A
Edmond,315,A
Edmund,316,A
Jacob,317,A
Johnston,318,A
Keiron,319,A
Kennedy,320,A
Khalil,321,A
Kristofer,322,A
Laurie,323,A
Lloyd,324,A
Mario,325,A
Max,326,A
Maxwell,327,A
Mitchell,328,A
Morris,329,A
Nathaniel,330,A
Naveed,331,A
Neville,332,A
Nickolas,333,A
Piers,334,A
Quentin,335,A
Rennie,336,A
Reuben,337,A
Riccardo,338,A
Roberto,339,A
Ruaraidh,340,A
Ruaridh,341,A
Stefano,342,A
Symon,343,A
Tobias,344,A
Todd,345,A
Abid,346,A
Adnan,347,A
Aeneas,348,A
Aiden,349,A
Ainslie,350,A
Ajay,351,A
Alessandro,352,A
Alyn,353,A
Anderson,354,A
Andre,355,A
Ashok,356,A
Asif,357,A
Atholl,358,A
Bjorn,359,A
Brandon,360,A
Brydon,361,A
Bryn,362,A
Caine,363,A
Calvin,364,A
Carlo,365,A
Ceri,366,A
Chris,367,A
Christien,368,A
Claudio,369,A
Clayton,370,A
Clint,371,A
Connell,372,A
Cyril,373,A
Damion,374,A
Darin,375,A
Dario,376,A
Darroch,377,A
Deryk,378,A
Dirk,379,A
Donovan,380,A
Dustin,381,A
Eamonn,382,A
Edgar,383,A
Elliott,384,A
Elton,385,A
Emlyn,386,A
Eoghan,387,A
Erlend,388,A
Farooq,389,A
Garth,390,A
Geoff,391,A
Gerrard,392,A
Gerry,393,A
Giancarlo,394,A
Gidon,395,A
Grierson,396,A
Hamilton,397,A
Hans,398,A
Hendry,399,A
Howard,400,A
Irvine,401,A
Jaimie,402,A
Jarad,403,A
Jayson,404,A
Jean,405,A
Jeff,406,A
Jerome,407,A
Joel,408,A
Jude,409,A
Kane,410,A
Karan,411,A
Karim,412,A
Kashif,413,A
Keiran,414,A
Kendon,415,A
Kent,416,A
Kwok,417,A
Laith,418,A
Lauchlan,419,A
Leo,420,A
Leyton,421,A
Lindsey,422,A
Logan,423,A
Lorn,424,A
Lyle,425,A
Mason,426,A
Mervyn,427,A
Michel,428,A
Mubarak,429,A
Mungo,430,A
Murdoch,431,A
Nathanael,432,A
Neall,433,A
Nickie,434,A
Nicky,435,A
Nikki,436,A
Nikolas,437,A
Paolo,438,A
Perry,439,A
Ranald,440,A
Rehan,441,A
Ricky,442,A
Rikki,443,A
Ritchie,444,A
Rizwan,445,A
Robertson,446,A
Roderic,447,A
Rolf,448,A
Ronan,449,A
Rowland,450,A
Sam,451,A
Scotland,452,A
Seth,453,A
Shahid,454,A
Shakeel,455,A
Sidney,456,A
Sinclair,457,A
Sonny,458,A
Taylor,459,A
Tin,460,A
Tomas,461,A
Travis,462,A
Tristan,463,A
Vernon,464,A
Vince,465,A
Waheed,466,A
Waseem,467,A
Wei,468,A
Wilson,469,A
Yan,470,A
Zak,471,A
Aamir,472,A
Abdullahi,473,A
Abdulrazak,474,A
Abraham,475,A
Adebayo,476,A
Adel,477,A
Adrain,478,A
Adriano,479,A
Ahmad,480,A
Ahmed,481,A
Aidon,482,A
Ajeet,483,A
Al-Motamid,484,A
Alaistair,485,A
Alberto,486,A
Aldo,487,A
Aldous,488,A
Alen,489,A
Alexandre,490,A
Alfredo,491,A
Alisteir,492,A
Allon,493,A
Alton,494,A
Alwyn,495,A
Aman,496,A
Amanda,497,A
Amato,498,A
Amir,499,A
Amit,500,A
Amitabha,501,A
Amos,502,A
Anand,503,A
Anant,504,A
Anastasi,505,A
Anastasio,506,A
Anastasios,507,A
Andres,508,A
Angel,509,A
Angelo,510,A
Anil,511,A
Anjam,512,A
Anjum,513,A
Ann,514,A
Antonius,515,A
Anwar,516,A
Aonghas,517,A
Aonghus,518,A
Aqif,519,A
Ardene,520,A
Ardle,521,A
Ari,522,A
Arif,523,A
Arlyn,524,A
