Name,Roll,06-04-2022
David,1,NA
John,2,NA
Paul,3,NA
Mark,4,NA
James,5,NA
Andrew,6,NA
Scott,7,NA
Steven,8,NA
Robert,9,NA
Stephen,10,NA
William,11,NA
Craig,12,NA
Michael,13,NA
Stuart,14,NA
Christopher,15,NA
Alan,16,NA
Colin,17,NA
Brian,18,NA
Kevin,19,NA
Gary,20,NA
Richard,21,NA
Derek,22,NA
Martin,23,NA
Thomas,24,NA
Neil,25,NA
Barry,26,NA
Ian,27,NA
Jason,28,NA
Iain,29,NA
Gordon,30,NA
Alexander,31,NA
Graeme,32,NA
Peter,33,NA
Darren,34,NA
Graham,35,NA
George,36,NA
Kenneth,37,NA
Allan,38,NA
Simon,39,NA
Douglas,40,NA
Keith,41,NA
Lee,42,NA
Anthony,43,NA
Grant,44,NA
Ross,45,NA
Jonathan,46,NA
Gavin,47,NA
Nicholas,48,NA
Joseph,49,NA
Stewart,50,NA
Daniel,51,NA
Edward,52,NA
Matthew,53,NA
Donald,54,NA
Fraser,55,NA
Garry,56,NA
Malcolm,57,NA
Charles,58,NA
Duncan,59,NA
Alistair,60,NA
Raymond,61,NA
Philip,62,NA
Ronald,63,NA
Ewan,64,NA
Ryan,65,NA
Francis,66,NA
Bruce,67,NA
Patrick,68,NA
Alastair,69,NA
Bryan,70,NA
Marc,71,NA
Jamie,72,NA
Hugh,73,NA
Euan,74,NA
Gerard,75,NA
Sean,76,NA
Wayne,77,NA
Adam,78,NA
Calum,79,NA
Alasdair,80,NA
Robin,81,NA
Greig,82,NA
Angus,83,NA
Russell,84,NA
Cameron,85,NA
Roderick,86,NA
Norman,87,NA
Murray,88,NA
Gareth,89,NA
Dean,90,NA
Eric,91,NA
Adrian,92,NA
Gregor,93,NA
Samuel,94,NA
Gerald,95,NA
Henry,96,NA
Justin,97,NA
Benjamin,98,NA
Shaun,99,NA
Callum,100,NA
Campbell,101,NA
Frank,102,NA
Roy,103,NA
Timothy,104,NA
Glen,105,NA
Marcus,106,NA
Hamish,107,NA
Niall,108,NA
Barrie,109,NA
Liam,110,NA
Brendan,111,NA
Terence,112,NA
Greg,113,NA
Leslie,114,NA
Lindsay,115,NA
Trevor,116,NA
Vincent,117,NA
Christian,118,NA
Lewis,119,NA
Rory,120,NA
Antony,121,NA
Fergus,122,NA
Roger,123,NA
Arthur,124,NA
Dominic,125,NA
Ewen,126,NA
Jon,127,NA
Owen,128,NA
Gregory,129,NA
Jeffrey,130,NA
Terry,131,NA
Damian,132,NA
Geoffrey,133,NA
Harry,134,NA
Walter,135,NA
Bernard,136,NA
Desmond,137,NA
Jack,138,NA
Aaron,139,NA
Archibald,140,NA
Blair,141,NA
Jeremy,142,NA
Nathan,143,NA
Alister,144,NA
Dale,145,NA
Dylan,146,NA
Glenn,147,NA
Julian,148,NA
Leon,149,NA
Allen,150,NA
Martyn,151,NA
Nigel,152,NA
Alisdair,153,NA
Denis,154,NA
Drew,155,NA
Evan,156,NA
Phillip,157,NA
Frazer,158,NA
Guy,159,NA
Laurence,160,NA
Lawrence,161,NA
Magnus,162,NA
Crawford,163,NA
Finlay,164,NA
Frederick,165,NA
Gregg,166,NA
Karl,167,NA
Kerr,168,NA
Mohammed,169,NA
Rodney,170,NA
Victor,171,NA
Carl,172,NA
Daryl,173,NA
Don,174,NA
Edwin,175,NA
Erik,176,NA
Grahame,177,NA
Ivan,178,NA
Kyle,179,NA
Leigh,180,NA
Lorne,181,NA
Maurice,182,NA
Murdo,183,NA
Nicolas,184,NA
Steve,185,NA
Allister,186,NA
Clark,187,NA
Darran,188,NA
Dennis,189,NA
Elliot,190,NA
Leonard,191,NA
Nairn,192,NA
Scot,193,NA
Stefan,194,NA
Toby,195,NA
Warren,196,NA
Billy,197,NA
Clive,198,NA
Damien,199,NA
Louis,200,NA
Mohammad,201,NA
Neill,202,NA
Noel,203,NA
Ralph,204,NA
Sandy,205,NA
Albert,206,NA
Alun,207,NA
Brett,208,NA
Clifford,209,NA
Eoin,210,NA
Glyn,211,NA
Imran,212,NA
Ivor,213,NA
Johnathan,214,NA
Kevan,215,NA
Neal,216,NA
Oliver,217,NA
Robbie,218,NA
Roland,219,NA
Stanley,220,NA
Aidan,221,NA
Antonio,222,NA
Austin,223,NA
Bradley,224,NA
Cornelius,225,NA
Darrin,226,NA
Derrick,227,NA
Innes,228,NA
Kristian,229,NA
Lachlan,230,NA
Mathew,231,NA
Moray,232,NA
Nicol,233,NA
Shane,234,NA
Tony,235,NA
Brent,236,NA
Findlay,237,NA
Forbes,238,NA
Gilbert,239,NA
Giles,240,NA
Jay,241,NA
Kelvin,242,NA
Leighton,243,NA
Marco,244,NA
Omar,245,NA
Roddy,246,NA
Tom,247,NA
Abdul,248,NA
Alfred,249,NA
Alick,250,NA
Ashley,251,NA
Bryce,252,NA
Conrad,253,NA
Darryl,254,NA
Eugene,255,NA
Harold,256,NA
Harvey,257,NA
Hector,258,NA
Jody,259,NA
Kieran,260,NA
Kirk,261,NA
Kris,262,NA
Marshall,263,NA
Muhammad,264,NA
Ramsay,265,NA
Ray,266,NA
Rodger,267,NA
Seumas,268,NA
Tommy,269,NA
Wai,270,NA
Alex,271,NA
Ali,272,NA
Andrea,273,NA
Archie,274,NA
Daren,275,NA
Derick,276,NA
Gideon,277,NA
Jan,278,NA
Juan,279,NA
Kerry,280,NA
Kieron,281,NA
Luke,282,NA
Lyall,283,NA
Manus,284,NA
Marvin,285,NA
Morgan,286,NA
Muir,287,NA
Myles,288,NA
Ronnie,289,NA
Rowan,290,NA
Rupert,291,NA
Spencer,292,NA
Stephan,293,NA
Struan,294,NA
Torquil,295,NA
Wallace,296,NA
Aftab,297,NA
Alain,298,NA
Alec,299,NA
Alvin,300,NA
Anton,301,NA
Arran,302,NA
Arron,303,NA
Austen,304,NA
Aynsley,305,NA
Benedict,306,NA
Chad,307,NA
Chun,308,NA
Clarke,309,NA
Damon,310,NA
Danny,311,NA
Darron,312,NA
Declan,313,NA
Deryck,314,NA
Edmond,315,NA
Edmund,316,NA
Jacob,317,NA
Johnston,318,NA
Keiron,319,NA
Kennedy,320,NA
Khalil,321,NA
Kristofer,322,NA
Laurie,323,NA
Lloyd,324,NA
Mario,325,NA
Max,326,NA
Maxwell,327,NA
Mitchell,328,NA
Morris,329,NA
Nathaniel,330,NA
Naveed,331,NA
Neville,332,NA
Nickolas,333,NA
Piers,334,NA
Quentin,335,NA
Rennie,336,NA
Reuben,337,NA
Riccardo,338,NA
Roberto,339,NA
Ruaraidh,340,NA
Ruaridh,341,NA
Stefano,342,NA
Symon,343,NA
Tobias,344,NA
Todd,345,NA
Abid,346,NA
Adnan,347,NA
Aeneas,348,NA
Aiden,349,NA
Ainslie,350,NA
Ajay,351,NA
Alessandro,352,NA
Alyn,353,NA
Anderson,354,NA
Andre,355,NA
Ashok,356,NA
Asif,357,NA
Atholl,358,NA
Bjorn,359,NA
Brandon,360,NA
Brydon,361,NA
Bryn,362,NA
Caine,363,NA
Calvin,364,NA
Carlo,365,NA
Ceri,366,NA
Chris,367,NA
Christien,368,NA
Claudio,369,NA
Clayton,370,NA
Clint,371,NA
Connell,372,NA
Cyril,373,NA
Damion,374,NA
Darin,375,NA
Dario,376,NA
Darroch,377,NA
Deryk,378,NA
Dirk,379,NA
Donovan,380,NA
Dustin,381,NA
Eamonn,382,NA
Edgar,383,NA
Elliott,384,NA
Elton,385,NA
Emlyn,386,NA
Eoghan,387,NA
Erlend,388,NA
Farooq,389,NA
Garth,390,NA
Geoff,391,NA
Gerrard,392,NA
Gerry,393,NA
Giancarlo,394,NA
Gidon,395,NA
Grierson,396,NA
Hamilton,397,NA
Hans,398,NA
Hendry,399,NA
Howard,400,NA
Irvine,401,NA
Jaimie,402,NA
Jarad,403,NA
Jayson,404,NA
Jean,405,NA
Jeff,406,NA
Jerome,407,NA
Joel,408,NA
Jude,409,NA
Kane,410,NA
Karan,411,NA
Karim,412,NA
Kashif,413,NA
Keiran,414,NA
Kendon,415,NA
Kent,416,NA
Kwok,417,NA
Laith,418,NA
Lauchlan,419,NA
Leo,420,NA
Leyton,421,NA
Lindsey,422,NA
Logan,423,NA
Lorn,424,NA
Lyle,425,NA
Mason,426,NA
Mervyn,427,NA
Michel,428,NA
Mubarak,429,NA
Mungo,430,NA
Murdoch,431,NA
Nathanael,432,NA
Neall,433,NA
Nickie,434,NA
Nicky,435,NA
Nikki,436,NA
Nikolas,437,NA
Paolo,438,NA
Perry,439,NA
Ranald,440,NA
Rehan,441,NA
Ricky,442,NA
Rikki,443,NA
Ritchie,444,NA
Rizwan,445,NA
Robertson,446,NA
Roderic,447,NA
Rolf,448,NA
Ronan,449,NA
Rowland,450,NA
Sam,451,NA
Scotland,452,NA
Seth,453,NA
Shahid,454,NA
Shakeel,455,NA
Sidney,456,NA
Sinclair,457,NA
Sonny,458,NA
Taylor,459,NA
Tin,460,NA
Tomas,461,NA
Travis,462,NA
Tristan,463,NA
Vernon,464,NA
Vince,465,NA
Waheed,466,NA
Waseem,467,NA
Wei,468,NA
Wilson,469,NA
Yan,470,NA
Zak,471,NA
Aamir,472,NA
Abdullahi,473,NA
Abdulrazak,474,NA
Abraham,475,NA
Adebayo,476,NA
Adel,477,NA
Adrain,478,NA
Adriano,479,NA
Ahmad,480,NA
Ahmed,481,NA
Aidon,482,NA
Ajeet,483,NA
Al-Motamid,484,NA
Alaistair,485,NA
Alberto,486,NA
Aldo,487,NA
Aldous,488,NA
Alen,489,NA
Alexandre,490,NA
Alfredo,491,NA
Alisteir,492,NA
Allon,493,NA
Alton,494,NA
Alwyn,495,NA
Aman,496,NA
Amanda,497,NA
Amato,498,NA
Amir,499,NA
Amit,500,NA
Amitabha,501,NA
Amos,502,NA
Anand,503,NA
Anant,504,NA
Anastasi,505,NA
Anastasio,506,NA
Anastasios,507,NA
Andres,508,NA
Angel,509,NA
Angelo,510,NA
Anil,511,NA
Anjam,512,NA
Anjum,513,NA
Ann,514,NA
Antonius,515,NA
Anwar,516,NA
Aonghas,517,NA
Aonghus,518,NA
Aqif,519,NA
Ardene,520,NA
Ardle,521,NA
Ari,522,NA
Arif,523,NA
Arlyn,524,NA
